"values","sentiment"
48.0540926537535,"Positive"
11.8985985896635,"Negative"
40.0473087565831,"Neutral"
